timestamp,src_ip,dst_port,status_code,bytes_sent,request_count,attack_type,is_anomaly
2026-06-08 15:03:20.368709,10.56.106.38,80,403,2827,27,normal,False
2026-06-08 15:03:40.368709,10.211.215.243,443,200,4472,27,normal,False
2026-06-08 15:04:00.368709,172.26.10.24,443,200,4842,18,normal,False
2026-06-08 15:04:20.368709,10.110.35.0,443,200,3626,19,normal,False
2026-06-08 15:04:40.368709,172.21.161.232,80,404,4955,16,normal,False
2026-06-08 15:05:00.368709,172.19.9.47,80,503,3986,13,normal,False
2026-06-08 15:05:20.368709,192.168.253.238,443,500,2922,23,normal,False
2026-06-08 15:05:40.368709,192.168.144.151,443,403,467,26,normal,False
2026-06-08 15:06:00.368709,172.20.223.70,80,500,201,6,normal,False
2026-06-08 15:06:20.368709,172.28.228.37,80,200,2970,7,normal,False
2026-06-08 15:06:40.368709,192.168.121.5,80,500,2596,30,normal,False
2026-06-08 15:07:00.368709,10.85.100.160,443,404,769,21,normal,False
2026-06-08 15:07:20.368709,10.105.33.113,443,503,1541,19,normal,False
2026-06-08 15:07:40.368709,192.168.125.253,443,404,3323,10,normal,False
2026-06-08 15:08:00.368709,192.168.250.222,80,200,4939,5,normal,False
2026-06-08 15:08:20.368709,10.134.200.207,80,503,2069,2,normal,False
2026-06-08 15:08:40.368709,10.105.216.208,80,403,4021,9,normal,False
2026-06-08 15:09:00.368709,172.22.190.163,80,404,1376,4,normal,False
2026-06-08 15:09:20.368709,172.24.36.15,443,200,1401,25,normal,False
2026-06-08 15:09:40.368709,10.87.94.30,80,200,2263,11,normal,False
2026-06-08 15:10:00.368709,172.31.57.49,80,200,1639,16,normal,False
2026-06-08 15:10:20.368709,10.98.161.121,80,200,2124,5,normal,False
2026-06-08 15:10:40.368709,10.219.99.41,443,503,2370,26,normal,False
2026-06-08 15:11:00.368709,192.168.220.193,80,403,3799,2,normal,False
2026-06-08 15:11:20.368709,25.122.51.154,80,503,91865,1518,SQLi,True
2026-06-08 15:11:40.368709,172.21.116.125,80,200,1811,28,normal,False
2026-06-08 15:12:00.368709,10.187.108.6,80,200,1719,11,normal,False
2026-06-08 15:12:20.368709,10.108.239.173,443,403,1357,21,normal,False
2026-06-08 15:12:40.368709,10.231.145.148,443,200,2839,2,normal,False
2026-06-08 15:13:00.368709,192.168.232.252,443,503,3170,17,normal,False
2026-06-08 15:13:20.368709,172.29.226.138,443,200,4805,2,normal,False
2026-06-08 15:13:40.368709,10.190.87.111,80,301,1084,25,normal,False
2026-06-08 15:14:00.368709,192.168.30.25,443,500,4593,8,normal,False
2026-06-08 15:14:20.368709,192.168.211.202,443,200,1164,12,normal,False
2026-06-08 15:14:40.368709,192.168.206.210,443,404,3572,8,normal,False
2026-06-08 15:15:00.368709,172.30.127.38,80,403,742,10,normal,False
2026-06-08 15:15:20.368709,10.44.42.241,80,200,4300,9,normal,False
2026-06-08 15:15:40.368709,10.69.208.46,443,200,2718,23,normal,False
2026-06-08 15:16:00.368709,192.168.223.197,443,403,1687,2,normal,False
2026-06-08 15:16:20.368709,192.168.196.3,443,403,4325,14,normal,False
2026-06-08 15:16:40.368709,10.46.0.43,443,301,4350,30,normal,False
2026-06-08 15:17:00.368709,172.17.58.100,80,301,3884,23,normal,False
2026-06-08 15:17:20.368709,192.168.238.189,443,200,644,28,normal,False
2026-06-08 15:17:40.368709,148.98.227.74,3306,500,448125,316,BruteForce,True
2026-06-08 15:18:00.368709,10.243.142.41,443,301,4746,10,normal,False
2026-06-08 15:18:20.368709,10.201.152.110,80,200,4055,26,normal,False
2026-06-08 15:18:40.368709,10.78.118.134,443,404,2120,26,normal,False
2026-06-08 15:19:00.368709,172.24.38.174,443,404,1143,14,normal,False
2026-06-08 15:19:20.368709,10.18.188.47,80,200,1392,2,normal,False
2026-06-08 15:19:40.368709,10.246.33.220,80,301,970,3,normal,False
2026-06-08 15:20:00.368709,172.24.154.244,80,404,329,4,normal,False
2026-06-08 15:20:20.368709,10.194.172.70,80,200,2840,3,normal,False
2026-06-08 15:20:40.368709,172.19.32.15,80,200,4045,21,normal,False
2026-06-08 15:21:00.368709,172.30.76.158,80,404,2178,20,normal,False
2026-06-08 15:21:20.368709,192.168.96.47,80,200,3560,6,normal,False
2026-06-08 15:21:40.368709,192.168.250.106,80,200,2834,7,normal,False
2026-06-08 15:22:00.368709,172.19.224.232,443,403,229,15,normal,False
2026-06-08 15:22:20.368709,10.18.89.159,443,500,2351,9,normal,False
2026-06-08 15:22:40.368709,192.168.96.187,443,301,691,15,normal,False
2026-06-08 15:23:00.368709,172.24.169.95,80,503,699,28,normal,False
2026-06-08 15:23:20.368709,10.108.106.253,80,404,1661,1,normal,False
2026-06-08 15:23:40.368709,172.20.204.246,443,503,4427,26,normal,False
2026-06-08 15:24:00.368709,172.18.21.37,80,301,655,19,normal,False
2026-06-08 15:24:20.368709,172.31.119.217,80,200,476,19,normal,False
2026-06-08 15:24:40.368709,192.168.116.88,443,503,911,25,normal,False
2026-06-08 15:25:00.368709,172.26.110.168,443,403,3895,29,normal,False
2026-06-08 15:25:20.368709,10.182.238.22,80,200,3279,8,normal,False
2026-06-08 15:25:40.368709,10.53.166.122,443,200,1174,17,normal,False
2026-06-08 15:26:00.368709,10.197.37.5,80,200,3400,30,normal,False
2026-06-08 15:26:20.368709,172.16.140.184,443,301,755,17,normal,False
2026-06-08 15:26:40.368709,172.23.251.25,80,301,2065,9,normal,False
2026-06-08 15:27:00.368709,192.168.29.19,80,500,2366,6,normal,False
2026-06-08 15:27:20.368709,112.76.246.86,80,403,452527,1445,SQLi,True
2026-06-08 15:27:40.368709,10.215.135.114,443,403,1977,26,normal,False
2026-06-08 15:28:00.368709,59.7.239.75,8080,403,95930,1677,XSS,True
2026-06-08 15:28:20.368709,67.73.85.158,3306,500,359528,1513,SQLi,True
2026-06-08 15:28:40.368709,172.22.192.21,80,301,4048,25,normal,False
2026-06-08 15:29:00.368709,192.168.166.138,443,200,3895,14,normal,False
2026-06-08 15:29:20.368709,172.23.248.174,80,200,1104,23,normal,False
2026-06-08 15:29:40.368709,192.168.247.81,443,404,2229,9,normal,False
2026-06-08 15:30:00.368709,130.166.107.73,3306,503,441817,1888,BruteForce,True
2026-06-08 15:30:20.368709,172.26.220.193,443,200,4843,21,normal,False
2026-06-08 15:30:40.368709,172.19.134.132,443,200,2067,12,normal,False
2026-06-08 15:31:00.368709,192.168.162.156,80,404,3255,29,normal,False
2026-06-08 15:31:20.368709,172.17.233.166,80,503,2245,4,normal,False
2026-06-08 15:31:40.368709,10.65.162.7,443,200,1032,23,normal,False
2026-06-08 15:32:00.368709,45.220.105.83,8080,403,115833,1005,DDoS,True
2026-06-08 15:32:20.368709,10.142.128.115,80,500,3098,2,normal,False
2026-06-08 15:32:40.368709,172.31.5.129,80,200,4753,23,normal,False
2026-06-08 15:33:00.368709,117.208.82.58,3306,503,249969,664,DDoS,True
2026-06-08 15:33:20.368709,192.168.248.187,443,404,4322,10,normal,False
2026-06-08 15:33:40.368709,10.243.128.182,80,200,4774,22,normal,False
2026-06-08 15:34:00.368709,135.167.72.13,3306,503,443594,1883,DDoS,True
2026-06-08 15:34:20.368709,172.17.49.133,80,200,2864,9,normal,False
2026-06-08 15:34:40.368709,10.45.100.167,443,200,2212,14,normal,False
2026-06-08 15:35:00.368709,10.238.117.54,80,200,367,27,normal,False
2026-06-08 15:35:20.368709,192.168.243.73,80,500,999,11,normal,False
2026-06-08 15:35:40.368709,192.168.242.202,80,301,3323,26,normal,False
2026-06-08 15:36:00.368709,192.168.89.198,443,403,3663,10,normal,False
2026-06-08 15:36:20.368709,192.168.93.206,80,200,2040,6,normal,False
2026-06-08 15:36:40.368709,172.17.223.78,443,301,2938,20,normal,False
2026-06-08 15:37:00.368709,10.20.61.121,80,301,1493,20,normal,False
2026-06-08 15:37:20.368709,172.25.204.51,443,503,2311,26,normal,False
2026-06-08 15:37:40.368709,192.168.46.82,443,301,504,12,normal,False
2026-06-08 15:38:00.368709,95.206.25.50,8080,500,201734,1088,XSS,True
2026-06-08 15:38:20.368709,192.168.40.53,443,404,586,27,normal,False
2026-06-08 15:38:40.368709,192.168.251.110,80,200,4127,4,normal,False
2026-06-08 15:39:00.368709,10.62.153.163,443,500,3188,8,normal,False
2026-06-08 15:39:20.368709,192.168.8.116,80,200,3588,17,normal,False
2026-06-08 15:39:40.368709,10.169.9.190,80,503,2485,23,normal,False
2026-06-08 15:40:00.368709,10.152.145.236,80,403,2393,7,normal,False
2026-06-08 15:40:20.368709,10.186.147.57,80,200,4972,30,normal,False
2026-06-08 15:40:40.368709,10.177.252.143,443,404,2566,13,normal,False
2026-06-08 15:41:00.368709,172.21.119.204,80,403,1467,23,normal,False
2026-06-08 15:41:20.368709,192.168.2.148,80,403,2467,2,normal,False
2026-06-08 15:41:40.368709,192.168.169.249,80,200,1516,18,normal,False
2026-06-08 15:42:00.368709,10.249.185.163,80,200,1080,3,normal,False
2026-06-08 15:42:20.368709,192.168.78.31,443,403,4550,15,normal,False
2026-06-08 15:42:40.368709,192.168.13.87,443,500,2703,10,normal,False
2026-06-08 15:43:00.368709,10.199.39.77,80,200,692,26,normal,False
2026-06-08 15:43:20.368709,192.168.49.71,80,403,728,18,normal,False
2026-06-08 15:43:40.368709,172.21.226.201,443,200,1500,25,normal,False
2026-06-08 15:44:00.368709,192.168.61.104,443,200,4802,4,normal,False
2026-06-08 15:44:20.368709,172.24.5.45,443,500,2348,18,normal,False
2026-06-08 15:44:40.368709,172.28.68.72,80,500,944,19,normal,False
2026-06-08 15:45:00.368709,172.24.210.107,443,500,4054,18,normal,False
2026-06-08 15:45:20.368709,172.30.182.213,80,404,219,14,normal,False
2026-06-08 15:45:40.368709,10.118.21.230,443,200,3141,22,normal,False
2026-06-08 15:46:00.368709,192.168.106.142,80,200,4885,30,normal,False
2026-06-08 15:46:20.368709,40.63.222.51,3306,500,146797,996,PortScan,True
2026-06-08 15:46:40.368709,172.21.238.86,80,404,1812,2,normal,False
2026-06-08 15:47:00.368709,172.27.97.19,80,200,1401,5,normal,False
2026-06-08 15:47:20.368709,192.168.121.216,443,500,3726,18,normal,False
2026-06-08 15:47:40.368709,192.168.193.54,443,301,4004,24,normal,False
2026-06-08 15:48:00.368709,192.168.112.150,443,503,3885,26,normal,False
2026-06-08 15:48:20.368709,192.168.203.180,80,500,2168,4,normal,False
2026-06-08 15:48:40.368709,10.85.87.48,443,200,1979,30,normal,False
2026-06-08 15:49:00.368709,192.168.240.177,443,500,2048,14,normal,False
2026-06-08 15:49:20.368709,172.18.83.243,80,500,3239,7,normal,False
2026-06-08 15:49:40.368709,10.182.91.239,80,500,900,30,normal,False
2026-06-08 15:50:00.368709,172.26.81.206,443,200,3776,20,normal,False
2026-06-08 15:50:20.368709,10.16.71.122,80,200,4240,9,normal,False
2026-06-08 15:50:40.368709,10.16.16.170,80,500,4098,7,normal,False
2026-06-08 15:51:00.368709,10.236.66.179,80,500,177319,1721,PortScan,True
2026-06-08 15:51:20.368709,192.168.74.152,443,404,4289,5,normal,False
2026-06-08 15:51:40.368709,172.19.109.17,80,500,2377,20,normal,False
2026-06-08 15:52:00.368709,172.25.164.201,80,200,4208,7,normal,False
2026-06-08 15:52:20.368709,172.27.86.211,443,503,4808,23,normal,False
2026-06-08 15:52:40.368709,172.25.205.63,80,403,4704,19,normal,False
2026-06-08 15:53:00.368709,83.183.173.189,22,500,360615,470,DDoS,True
2026-06-08 15:53:20.368709,172.24.19.65,80,200,2275,5,normal,False
2026-06-08 15:53:40.368709,172.30.254.40,443,200,2802,8,normal,False
2026-06-08 15:54:00.368709,192.168.99.131,80,200,1532,2,normal,False
2026-06-08 15:54:20.368709,172.27.85.92,80,500,1989,1,normal,False
2026-06-08 15:54:40.368709,192.168.61.192,443,301,3735,10,normal,False
2026-06-08 15:55:00.368709,192.168.247.191,80,200,3684,22,normal,False
2026-06-08 15:55:20.368709,192.168.88.167,443,404,3267,5,normal,False
2026-06-08 15:55:40.368709,10.0.61.137,443,404,3931,7,normal,False
2026-06-08 15:56:00.368709,192.168.137.242,80,200,403,3,normal,False
2026-06-08 15:56:20.368709,192.168.230.185,443,500,3585,3,normal,False
2026-06-08 15:56:40.368709,10.248.195.104,443,301,4947,18,normal,False
2026-06-08 15:57:00.368709,192.168.196.172,80,503,3707,14,normal,False
2026-06-08 15:57:20.368709,192.168.203.179,80,200,3426,4,normal,False
2026-06-08 15:57:40.368709,10.33.149.255,80,404,3781,26,normal,False
2026-06-08 15:58:00.368709,192.168.197.16,443,200,559,29,normal,False
2026-06-08 15:58:20.368709,192.168.215.65,443,200,3007,9,normal,False
2026-06-08 15:58:40.368709,172.23.125.93,80,500,3901,29,normal,False
2026-06-08 15:59:00.368709,10.134.218.9,443,500,3593,9,normal,False
2026-06-08 15:59:20.368709,172.21.14.50,80,403,1436,22,normal,False
2026-06-08 15:59:40.368709,172.20.227.210,80,503,3187,11,normal,False
2026-06-08 16:00:00.368709,192.168.151.202,443,200,4223,8,normal,False
2026-06-08 16:00:20.368709,172.20.45.102,443,503,4540,26,normal,False
2026-06-08 16:00:40.368709,172.22.97.137,80,404,1544,14,normal,False
2026-06-08 16:01:00.368709,192.168.255.165,443,500,4340,24,normal,False
2026-06-08 16:01:20.368709,10.69.106.197,80,200,3358,1,normal,False
2026-06-08 16:01:40.368709,192.168.113.168,443,404,2594,1,normal,False
2026-06-08 16:02:00.368709,10.134.231.232,443,403,761,8,normal,False
2026-06-08 16:02:20.368709,10.11.176.5,80,200,545,27,normal,False
2026-06-08 16:02:40.368709,172.28.88.247,80,403,572,13,normal,False
2026-06-08 16:03:00.368709,172.28.207.38,80,403,2659,26,normal,False
2026-06-08 16:03:20.368709,172.29.110.226,443,200,1460,4,normal,False
2026-06-08 16:03:40.368709,10.85.152.86,443,500,1959,8,normal,False
2026-06-08 16:04:00.368709,10.64.72.20,443,200,2741,30,normal,False
2026-06-08 16:04:20.368709,10.114.153.149,443,301,4787,30,normal,False
2026-06-08 16:04:40.368709,192.168.112.179,80,200,267,27,normal,False
2026-06-08 16:05:00.368709,172.18.53.47,443,503,1063,17,normal,False
2026-06-08 16:05:20.368709,172.28.213.21,80,403,1292,27,normal,False
2026-06-08 16:05:40.368709,192.168.205.82,443,200,223,21,normal,False
2026-06-08 16:06:00.368709,10.57.138.89,443,500,4475,29,normal,False
2026-06-08 16:06:20.368709,172.28.186.198,443,500,4052,30,normal,False
2026-06-08 16:06:40.368709,172.31.238.59,443,200,3130,24,normal,False
2026-06-08 16:07:00.368709,172.23.111.139,80,200,380,7,normal,False
2026-06-08 16:07:20.368709,172.17.155.159,443,200,1588,10,normal,False
2026-06-08 16:07:40.368709,10.49.237.9,80,200,2308,22,normal,False
2026-06-08 16:08:00.368709,172.17.72.137,443,200,3338,20,normal,False
2026-06-08 16:08:20.368709,10.44.37.174,80,404,1301,8,normal,False
2026-06-08 16:08:40.368709,10.249.237.104,443,503,2696,14,normal,False
2026-06-08 16:09:00.368709,10.25.174.27,443,404,200,9,normal,False
2026-06-08 16:09:20.368709,192.168.153.130,80,404,249,1,normal,False
2026-06-08 16:09:40.368709,172.26.142.226,443,500,2190,17,normal,False
2026-06-08 16:10:00.368709,172.26.52.178,443,403,2321,29,normal,False
2026-06-08 16:10:20.368709,10.149.240.155,443,301,1166,16,normal,False
2026-06-08 16:10:40.368709,140.97.47.43,3306,503,361791,1612,XSS,True
2026-06-08 16:11:00.368709,192.168.11.38,443,301,3016,3,normal,False
2026-06-08 16:11:20.368709,144.22.48.68,443,403,441527,514,PortScan,True
2026-06-08 16:11:40.368709,10.117.244.152,443,403,2538,29,normal,False
2026-06-08 16:12:00.368709,192.168.121.236,80,200,2247,27,normal,False
2026-06-08 16:12:20.368709,88.188.171.85,80,500,327104,1952,PortScan,True
2026-06-08 16:12:40.368709,10.16.192.86,80,500,4814,28,normal,False
2026-06-08 16:13:00.368709,192.168.247.245,443,500,4700,10,normal,False
2026-06-08 16:13:20.368709,172.27.177.22,443,301,4898,30,normal,False
2026-06-08 16:13:40.368709,172.29.255.66,80,503,1592,14,normal,False
2026-06-08 16:14:00.368709,10.252.46.237,80,403,3114,3,normal,False
2026-06-08 16:14:20.368709,192.168.141.232,443,200,828,23,normal,False
2026-06-08 16:14:40.368709,172.18.17.68,443,403,4844,13,normal,False
2026-06-08 16:15:00.368709,10.42.114.224,80,403,4895,30,normal,False
2026-06-08 16:15:20.368709,192.168.226.236,80,301,2522,26,normal,False
2026-06-08 16:15:40.368709,10.15.235.35,80,200,4968,20,normal,False
2026-06-08 16:16:00.368709,10.100.210.231,443,404,3914,22,normal,False
2026-06-08 16:16:20.368709,192.168.17.105,80,503,4725,2,normal,False
2026-06-08 16:16:40.368709,10.150.40.128,80,200,4196,18,normal,False
2026-06-08 16:17:00.368709,172.28.28.91,443,200,4230,8,normal,False
2026-06-08 16:17:20.368709,10.11.63.215,443,404,4098,18,normal,False
2026-06-08 16:17:40.368709,10.254.185.250,80,301,663,29,normal,False
2026-06-08 16:18:00.368709,192.168.33.114,443,404,2568,18,normal,False
2026-06-08 16:18:20.368709,10.176.87.240,80,200,3605,11,normal,False
2026-06-08 16:18:40.368709,10.65.92.253,80,301,1501,1,normal,False
2026-06-08 16:19:00.368709,192.168.180.224,80,403,3182,24,normal,False
2026-06-08 16:19:20.368709,172.27.126.210,443,500,3064,1,normal,False
2026-06-08 16:19:40.368709,192.168.39.15,443,200,2633,22,normal,False
2026-06-08 16:20:00.368709,172.21.196.101,80,200,4339,10,normal,False
2026-06-08 16:20:20.368709,172.22.249.255,443,404,2134,23,normal,False
2026-06-08 16:20:40.368709,172.21.95.125,443,301,3218,21,normal,False
2026-06-08 16:21:00.368709,192.168.161.25,443,404,308,14,normal,False
2026-06-08 16:21:20.368709,192.168.75.50,443,500,1515,10,normal,False
2026-06-08 16:21:40.368709,192.168.198.183,80,503,278,4,normal,False
2026-06-08 16:22:00.368709,10.183.85.215,80,503,4080,4,normal,False
2026-06-08 16:22:20.368709,10.98.135.163,443,301,2021,8,normal,False
2026-06-08 16:22:40.368709,172.18.173.255,80,200,1943,13,normal,False
2026-06-08 16:23:00.368709,10.220.154.203,80,403,1374,5,normal,False
2026-06-08 16:23:20.368709,172.30.64.100,443,200,720,4,normal,False
2026-06-08 16:23:40.368709,137.229.254.31,22,403,319408,1277,DDoS,True
2026-06-08 16:24:00.368709,192.168.91.122,443,200,1806,19,normal,False
2026-06-08 16:24:20.368709,172.29.81.97,80,404,4309,17,normal,False
2026-06-08 16:24:40.368709,10.204.1.158,80,404,1962,11,normal,False
2026-06-08 16:25:00.368709,10.66.231.109,80,403,4105,13,normal,False
2026-06-08 16:25:20.368709,55.220.252.238,3306,500,234102,1615,SQLi,True
2026-06-08 16:25:40.368709,172.21.254.4,443,503,3263,11,normal,False
2026-06-08 16:26:00.368709,172.27.23.86,443,200,1575,19,normal,False
2026-06-08 16:26:20.368709,172.24.76.97,443,200,1668,17,normal,False
2026-06-08 16:26:40.368709,172.21.34.208,80,200,2923,3,normal,False
2026-06-08 16:27:00.368709,10.235.227.253,80,403,4474,10,normal,False
2026-06-08 16:27:20.368709,10.7.47.191,80,200,1509,24,normal,False
2026-06-08 16:27:40.368709,10.66.155.22,80,200,202,29,normal,False
2026-06-08 16:28:00.368709,172.17.227.59,80,403,1673,25,normal,False
2026-06-08 16:28:20.368709,10.247.41.199,80,403,4953,21,normal,False
2026-06-08 16:28:40.368709,172.21.94.148,80,301,2707,9,normal,False
2026-06-08 16:29:00.368709,192.168.168.74,443,503,3451,7,normal,False
2026-06-08 16:29:20.368709,192.168.213.84,80,503,4852,4,normal,False
2026-06-08 16:29:40.368709,192.168.235.78,80,200,4633,14,normal,False
2026-06-08 16:30:00.368709,10.38.58.219,443,403,3093,1,normal,False
2026-06-08 16:30:20.368709,10.184.199.6,443,404,1845,11,normal,False
2026-06-08 16:30:40.368709,10.194.107.197,443,503,2133,29,normal,False
2026-06-08 16:31:00.368709,10.214.127.125,80,404,3138,5,normal,False
2026-06-08 16:31:20.368709,10.45.39.195,80,200,875,16,normal,False
2026-06-08 16:31:40.368709,192.168.210.144,80,200,4003,30,normal,False
2026-06-08 16:32:00.368709,10.101.71.204,80,200,3325,15,normal,False
2026-06-08 16:32:20.368709,192.168.148.8,443,500,220,3,normal,False
2026-06-08 16:32:40.368709,10.56.129.101,80,404,4063,23,normal,False
2026-06-08 16:33:00.368709,192.168.207.91,80,301,1178,30,normal,False
2026-06-08 16:33:20.368709,10.239.145.89,80,500,3359,3,normal,False
2026-06-08 16:33:40.368709,172.21.21.220,443,200,2689,8,normal,False
2026-06-08 16:34:00.368709,126.229.83.179,80,500,341708,597,PortScan,True
2026-06-08 16:34:20.368709,172.23.88.241,80,301,1972,3,normal,False
2026-06-08 16:34:40.368709,172.27.229.94,80,500,5000,21,normal,False
2026-06-08 16:35:00.368709,10.201.102.30,80,301,2822,21,normal,False
2026-06-08 16:35:20.368709,172.22.214.52,443,200,1058,24,normal,False
2026-06-08 16:35:40.368709,172.17.46.143,443,200,4042,7,normal,False
2026-06-08 16:36:00.368709,172.29.12.102,80,500,1303,15,normal,False
2026-06-08 16:36:20.368709,10.78.198.165,443,404,339,20,normal,False
2026-06-08 16:36:40.368709,192.168.167.196,443,200,3885,15,normal,False
2026-06-08 16:37:00.368709,172.17.192.114,443,200,1313,13,normal,False
2026-06-08 16:37:20.368709,172.24.190.202,80,200,2218,26,normal,False
2026-06-08 16:37:40.368709,10.154.139.231,443,403,2682,8,normal,False
2026-06-08 16:38:00.368709,10.106.147.77,80,200,760,9,normal,False
2026-06-08 16:38:20.368709,192.168.136.158,80,403,3176,27,normal,False
2026-06-08 16:38:40.368709,172.21.217.235,443,200,1749,27,normal,False
2026-06-08 16:39:00.368709,192.168.98.204,80,200,4974,25,normal,False
2026-06-08 16:39:20.368709,172.24.54.136,80,503,536,4,normal,False
2026-06-08 16:39:40.368709,10.53.178.142,443,200,2671,4,normal,False
2026-06-08 16:40:00.368709,192.168.78.10,80,404,2738,6,normal,False
2026-06-08 16:40:20.368709,172.17.42.201,80,404,4845,4,normal,False
2026-06-08 16:40:40.368709,10.149.47.43,80,503,1661,10,normal,False
2026-06-08 16:41:00.368709,192.168.49.245,80,200,3787,30,normal,False
2026-06-08 16:41:20.368709,192.168.53.65,80,301,1807,20,normal,False
2026-06-08 16:41:40.368709,172.24.159.62,443,200,3163,1,normal,False
2026-06-08 16:42:00.368709,192.168.244.142,80,200,4090,26,normal,False
2026-06-08 16:42:20.368709,192.168.137.10,443,301,3876,19,normal,False
2026-06-08 16:42:40.368709,10.181.249.48,443,500,4874,20,normal,False
2026-06-08 16:43:00.368709,192.168.55.202,443,200,236,19,normal,False
2026-06-08 16:43:20.368709,10.223.219.55,80,301,1449,13,normal,False
2026-06-08 16:43:40.368709,10.81.222.107,443,403,440,30,normal,False
2026-06-08 16:44:00.368709,192.168.211.60,443,503,2010,19,normal,False
2026-06-08 16:44:20.368709,10.147.119.5,443,500,1443,27,normal,False
2026-06-08 16:44:40.368709,10.59.138.10,443,503,612,30,normal,False
2026-06-08 16:45:00.368709,172.22.88.35,443,200,3764,15,normal,False
2026-06-08 16:45:20.368709,192.168.8.48,80,200,257,26,normal,False
2026-06-08 16:45:40.368709,10.29.134.113,80,503,281,19,normal,False
2026-06-08 16:46:00.368709,172.24.190.78,443,200,2160,22,normal,False
2026-06-08 16:46:20.368709,192.168.120.205,80,403,3817,6,normal,False
2026-06-08 16:46:40.368709,172.31.11.123,80,200,3734,7,normal,False
2026-06-08 16:47:00.368709,192.168.119.51,443,403,1266,10,normal,False
2026-06-08 16:47:20.368709,192.168.167.115,80,404,1772,18,normal,False
2026-06-08 16:47:40.368709,192.168.137.179,80,200,3329,12,normal,False
2026-06-08 16:48:00.368709,10.134.21.220,80,200,4546,14,normal,False
2026-06-08 16:48:20.368709,192.168.203.212,443,403,3803,29,normal,False
2026-06-08 16:48:40.368709,172.16.22.138,443,200,4701,25,normal,False
2026-06-08 16:49:00.368709,172.24.157.96,443,200,4713,12,normal,False
2026-06-08 16:49:20.368709,192.168.255.137,443,403,3244,5,normal,False
2026-06-08 16:49:40.368709,192.168.60.151,443,301,700,23,normal,False
2026-06-08 16:50:00.368709,10.7.167.209,80,200,1818,24,normal,False
2026-06-08 16:50:20.368709,10.47.42.216,80,500,4766,6,normal,False
2026-06-08 16:50:40.368709,192.168.153.70,443,200,1738,3,normal,False
2026-06-08 16:51:00.368709,10.156.82.53,443,200,3190,14,normal,False
2026-06-08 16:51:20.368709,10.168.216.5,443,200,903,13,normal,False
2026-06-08 16:51:40.368709,172.16.136.122,443,200,1639,28,normal,False
2026-06-08 16:52:00.368709,192.168.19.140,443,200,1562,1,normal,False
2026-06-08 16:52:20.368709,192.168.9.32,443,200,4828,15,normal,False
2026-06-08 16:52:40.368709,10.165.32.13,443,200,3752,9,normal,False
2026-06-08 16:53:00.368709,192.168.16.15,443,403,3236,4,normal,False
2026-06-08 16:53:20.368709,192.168.132.19,443,404,1697,9,normal,False
2026-06-08 16:53:40.368709,10.156.33.44,443,403,3187,9,normal,False
2026-06-08 16:54:00.368709,10.1.106.1,80,200,2487,7,normal,False
2026-06-08 16:54:20.368709,10.31.33.220,443,200,2184,9,normal,False
2026-06-08 16:54:40.368709,192.168.231.8,443,404,1621,18,normal,False
2026-06-08 16:55:00.368709,172.23.15.81,443,500,661,23,normal,False
2026-06-08 16:55:20.368709,172.30.163.218,443,403,4972,6,normal,False
2026-06-08 16:55:40.368709,10.202.85.43,80,503,3017,11,normal,False
2026-06-08 16:56:00.368709,10.83.74.165,80,500,1896,16,normal,False
2026-06-08 16:56:20.368709,172.16.54.210,80,200,2322,1,normal,False
2026-06-08 16:56:40.368709,172.19.104.244,80,200,2616,17,normal,False
2026-06-08 16:57:00.368709,10.43.83.46,80,500,3456,7,normal,False
2026-06-08 16:57:20.368709,10.243.180.200,80,403,4986,23,normal,False
2026-06-08 16:57:40.368709,10.191.250.182,80,500,800,25,normal,False
2026-06-08 16:58:00.368709,172.18.130.241,80,301,877,30,normal,False
2026-06-08 16:58:20.368709,172.23.213.238,443,200,858,2,normal,False
2026-06-08 16:58:40.368709,192.168.104.195,443,503,3218,21,normal,False
2026-06-08 16:59:00.368709,172.27.89.202,80,404,1109,7,normal,False
2026-06-08 16:59:20.368709,192.168.84.103,443,200,825,9,normal,False
2026-06-08 16:59:40.368709,172.22.161.51,80,403,1009,18,normal,False
2026-06-08 17:00:00.368709,192.168.36.49,443,500,1234,30,normal,False
2026-06-08 17:00:20.368709,192.168.81.104,443,503,4913,8,normal,False
2026-06-08 17:00:40.368709,10.254.118.214,80,301,2084,7,normal,False
2026-06-08 17:01:00.368709,10.60.40.27,443,200,485,28,normal,False
2026-06-08 17:01:20.368709,192.168.136.16,443,503,4021,6,normal,False
2026-06-08 17:01:40.368709,71.99.147.236,22,503,380345,1141,PortScan,True
2026-06-08 17:02:00.368709,192.168.147.163,443,200,3961,4,normal,False
2026-06-08 17:02:20.368709,192.168.246.222,443,503,4780,20,normal,False
2026-06-08 17:02:40.368709,192.168.69.102,443,403,3763,15,normal,False
2026-06-08 17:03:00.368709,192.168.161.77,443,200,1441,24,normal,False
2026-06-08 17:03:20.368709,10.107.184.187,80,503,340,19,normal,False
2026-06-08 17:03:40.368709,172.17.176.23,443,200,3678,13,normal,False
2026-06-08 17:04:00.368709,172.17.242.93,443,200,4296,9,normal,False
2026-06-08 17:04:20.368709,10.179.100.254,80,200,4720,25,normal,False
2026-06-08 17:04:40.368709,138.11.125.0,22,503,122117,1111,PortScan,True
2026-06-08 17:05:00.368709,192.168.143.146,443,500,3913,12,normal,False
2026-06-08 17:05:20.368709,192.168.111.18,443,200,4419,5,normal,False
2026-06-08 17:05:40.368709,172.26.30.235,80,301,2790,16,normal,False
2026-06-08 17:06:00.368709,172.22.73.92,443,200,2580,10,normal,False
2026-06-08 17:06:20.368709,192.168.118.177,443,500,2852,30,normal,False
2026-06-08 17:06:40.368709,192.168.14.222,443,200,4012,13,normal,False
2026-06-08 17:07:00.368709,10.141.231.236,443,404,3633,4,normal,False
2026-06-08 17:07:20.368709,199.155.232.237,80,500,128873,1381,SQLi,True
2026-06-08 17:07:40.368709,26.128.5.168,3306,500,329061,1534,DDoS,True
2026-06-08 17:08:00.368709,10.19.72.163,80,500,1585,5,normal,False
2026-06-08 17:08:20.368709,10.216.169.96,80,200,2956,3,normal,False
2026-06-08 17:08:40.368709,10.49.165.240,443,500,2801,3,normal,False
2026-06-08 17:09:00.368709,192.168.240.123,80,404,3865,12,normal,False
2026-06-08 17:09:20.368709,172.24.108.22,443,404,3886,5,normal,False
2026-06-08 17:09:40.368709,192.168.243.9,443,503,3163,17,normal,False
2026-06-08 17:10:00.368709,192.168.77.12,80,404,1839,25,normal,False
2026-06-08 17:10:20.368709,172.22.174.166,443,200,2924,13,normal,False
2026-06-08 17:10:40.368709,192.168.170.237,443,404,2309,6,normal,False
2026-06-08 17:11:00.368709,192.168.63.143,80,404,1457,4,normal,False
2026-06-08 17:11:20.368709,10.215.219.186,80,404,3126,13,normal,False
2026-06-08 17:11:40.368709,172.28.111.142,443,500,2703,9,normal,False
2026-06-08 17:12:00.368709,196.152.148.248,80,500,120135,1663,SQLi,True
2026-06-08 17:12:20.368709,172.24.10.187,443,403,2630,12,normal,False
2026-06-08 17:12:40.368709,58.136.216.163,443,403,436838,1153,BruteForce,True
2026-06-08 17:13:00.368709,10.252.70.98,80,200,1848,18,normal,False
2026-06-08 17:13:20.368709,192.168.85.102,443,403,1332,24,normal,False
2026-06-08 17:13:40.368709,10.42.45.174,80,200,1615,5,normal,False
2026-06-08 17:14:00.368709,172.29.43.186,443,403,931,22,normal,False
2026-06-08 17:14:20.368709,192.168.78.131,443,404,3277,17,normal,False
2026-06-08 17:14:40.368709,172.20.241.113,80,200,255,5,normal,False
2026-06-08 17:15:00.368709,10.67.107.59,80,301,4137,30,normal,False
2026-06-08 17:15:20.368709,10.103.219.221,80,404,3995,19,normal,False
2026-06-08 17:15:40.368709,172.21.110.41,443,200,364,14,normal,False
2026-06-08 17:16:00.368709,10.58.27.48,443,404,1263,2,normal,False
2026-06-08 17:16:20.368709,10.147.171.152,443,500,1690,7,normal,False
2026-06-08 17:16:40.368709,10.125.120.249,443,200,1422,2,normal,False
2026-06-08 17:17:00.368709,172.30.213.174,80,200,2525,12,normal,False
2026-06-08 17:17:20.368709,175.46.18.144,3306,403,447954,1226,BruteForce,True
2026-06-08 17:17:40.368709,192.168.21.146,443,404,4556,3,normal,False
2026-06-08 17:18:00.368709,172.21.81.53,80,200,3230,22,normal,False
2026-06-08 17:18:20.368709,192.168.171.206,443,403,4316,1,normal,False
2026-06-08 17:18:40.368709,172.25.23.153,80,403,4124,28,normal,False
2026-06-08 17:19:00.368709,192.168.82.77,443,503,374,27,normal,False
2026-06-08 17:19:20.368709,10.238.5.156,443,403,4951,30,normal,False
2026-06-08 17:19:40.368709,172.29.36.22,80,404,753,23,normal,False
2026-06-08 17:20:00.368709,10.91.67.206,443,301,943,10,normal,False
2026-06-08 17:20:20.368709,192.168.192.71,443,500,419,23,normal,False
2026-06-08 17:20:40.368709,192.168.14.137,80,200,1321,14,normal,False
2026-06-08 17:21:00.368709,172.26.145.189,443,301,1614,16,normal,False
2026-06-08 17:21:20.368709,10.11.66.158,80,503,3487,18,normal,False
2026-06-08 17:21:40.368709,192.168.229.217,80,200,4910,30,normal,False
2026-06-08 17:22:00.368709,192.168.95.230,443,200,3934,5,normal,False
2026-06-08 17:22:20.368709,172.20.67.178,80,301,4445,3,normal,False
2026-06-08 17:22:40.368709,172.18.105.92,443,403,813,16,normal,False
2026-06-08 17:23:00.368709,172.20.103.51,443,200,2617,23,normal,False
2026-06-08 17:23:20.368709,10.73.80.223,80,500,2533,7,normal,False
2026-06-08 17:23:40.368709,10.67.26.132,80,301,2168,12,normal,False
2026-06-08 17:24:00.368709,192.168.24.238,443,500,1744,2,normal,False
2026-06-08 17:24:20.368709,192.168.192.15,80,404,2641,15,normal,False
2026-06-08 17:24:40.368709,192.168.90.159,443,200,1593,15,normal,False
2026-06-08 17:25:00.368709,172.28.41.81,443,200,3909,14,normal,False
2026-06-08 17:25:20.368709,192.168.64.79,443,301,1978,4,normal,False
2026-06-08 17:25:40.368709,172.24.115.32,443,500,4602,29,normal,False
2026-06-08 17:26:00.368709,172.24.169.81,443,404,2485,11,normal,False
2026-06-08 17:26:20.368709,192.168.152.173,80,200,1205,26,normal,False
2026-06-08 17:26:40.368709,192.168.22.23,80,200,733,13,normal,False
2026-06-08 17:27:00.368709,192.168.89.198,443,200,3409,14,normal,False
2026-06-08 17:27:20.368709,192.168.61.31,80,200,3019,8,normal,False
2026-06-08 17:27:40.368709,192.168.74.146,443,301,2686,27,normal,False
2026-06-08 17:28:00.368709,172.23.90.136,443,200,4822,4,normal,False
2026-06-08 17:28:20.368709,172.17.230.8,80,200,3540,6,normal,False
2026-06-08 17:28:40.368709,172.22.11.236,443,404,522,24,normal,False
2026-06-08 17:29:00.368709,205.247.80.94,80,403,270959,1605,SQLi,True
2026-06-08 17:29:20.368709,172.24.197.253,80,500,1512,17,normal,False
2026-06-08 17:29:40.368709,10.244.84.224,80,301,4197,11,normal,False
2026-06-08 17:30:00.368709,172.25.47.34,80,200,644,11,normal,False
2026-06-08 17:30:20.368709,172.26.195.251,443,404,2918,22,normal,False
2026-06-08 17:30:40.368709,172.20.226.154,80,503,1669,28,normal,False
2026-06-08 17:31:00.368709,13.162.146.141,80,403,484670,1292,XSS,True
2026-06-08 17:31:20.368709,10.6.5.16,80,301,1329,23,normal,False
2026-06-08 17:31:40.368709,192.168.84.26,80,500,2135,10,normal,False
2026-06-08 17:32:00.368709,192.168.120.213,443,301,2600,9,normal,False
2026-06-08 17:32:20.368709,172.23.147.179,80,500,1930,4,normal,False
2026-06-08 17:32:40.368709,192.168.167.174,443,403,4528,14,normal,False
2026-06-08 17:33:00.368709,192.168.97.108,80,403,3221,3,normal,False
2026-06-08 17:33:20.368709,172.25.3.156,443,200,3936,28,normal,False
2026-06-08 17:33:40.368709,10.147.73.96,80,404,1924,24,normal,False
2026-06-08 17:34:00.368709,10.91.196.235,80,500,2106,4,normal,False
2026-06-08 17:34:20.368709,195.65.181.39,80,403,323950,1907,XSS,True
2026-06-08 17:34:40.368709,172.26.209.207,443,200,1506,10,normal,False
2026-06-08 17:35:00.368709,192.168.184.92,80,301,382,11,normal,False
2026-06-08 17:35:20.368709,172.23.59.242,443,301,4965,17,normal,False
2026-06-08 17:35:40.368709,10.31.242.7,443,200,1457,23,normal,False
2026-06-08 17:36:00.368709,172.22.158.127,443,503,3858,26,normal,False
2026-06-08 17:36:20.368709,37.22.229.250,22,500,65767,837,SQLi,True
2026-06-08 17:36:40.368709,172.30.74.60,80,200,1774,30,normal,False
2026-06-08 17:37:00.368709,10.74.167.31,443,200,4965,23,normal,False
2026-06-08 17:37:20.368709,10.9.159.23,80,200,1232,25,normal,False
2026-06-08 17:37:40.368709,172.29.207.228,80,503,4712,17,normal,False
2026-06-08 17:38:00.368709,192.168.187.176,443,200,3129,22,normal,False
2026-06-08 17:38:20.368709,192.168.169.21,80,500,1143,5,normal,False
2026-06-08 17:38:40.368709,172.27.36.79,80,200,4972,11,normal,False
2026-06-08 17:39:00.368709,192.168.173.217,80,301,456,15,normal,False
2026-06-08 17:39:20.368709,10.249.225.8,80,403,3915,27,normal,False
2026-06-08 17:39:40.368709,10.45.124.53,443,200,1764,6,normal,False
2026-06-08 17:40:00.368709,172.24.231.107,80,200,3077,11,normal,False
2026-06-08 17:40:20.368709,10.9.239.40,443,404,772,20,normal,False
2026-06-08 17:40:40.368709,192.168.188.221,80,200,4015,28,normal,False
2026-06-08 17:41:00.368709,10.142.132.111,443,301,2319,14,normal,False
2026-06-08 17:41:20.368709,10.2.153.89,80,200,3951,24,normal,False
2026-06-08 17:41:40.368709,192.168.106.144,443,500,3574,4,normal,False
2026-06-08 17:42:00.368709,172.16.109.82,80,200,4376,19,normal,False
2026-06-08 17:42:20.368709,10.208.83.237,443,404,4677,8,normal,False
2026-06-08 17:42:40.368709,192.168.242.207,443,403,1955,25,normal,False
2026-06-08 17:43:00.368709,192.168.66.202,443,200,4060,27,normal,False
2026-06-08 17:43:20.368709,172.27.67.179,443,301,1550,1,normal,False
2026-06-08 17:43:40.368709,192.168.236.58,80,503,1939,16,normal,False
2026-06-08 17:44:00.368709,172.27.163.249,443,503,2767,11,normal,False
2026-06-08 17:44:20.368709,190.64.80.82,3306,500,166314,1120,SQLi,True
2026-06-08 17:44:40.368709,10.176.40.138,80,404,3689,12,normal,False
2026-06-08 17:45:00.368709,172.31.34.81,80,403,3610,2,normal,False
2026-06-08 17:45:20.368709,10.255.62.124,80,301,2395,20,normal,False
2026-06-08 17:45:40.368709,10.155.222.222,443,200,3671,23,normal,False
2026-06-08 17:46:00.368709,10.219.59.88,80,500,4429,4,normal,False
2026-06-08 17:46:20.368709,192.168.204.157,80,500,1350,22,normal,False
2026-06-08 17:46:40.368709,10.165.147.230,80,301,727,20,normal,False
2026-06-08 17:47:00.368709,177.30.213.248,8080,403,179871,1932,SQLi,True
2026-06-08 17:47:20.368709,192.168.76.202,443,500,2048,15,normal,False
2026-06-08 17:47:40.368709,196.141.158.240,3306,503,278299,1194,XSS,True
2026-06-08 17:48:00.368709,192.168.100.189,80,200,3784,10,normal,False
2026-06-08 17:48:20.368709,172.26.43.213,443,403,2932,15,normal,False
2026-06-08 17:48:40.368709,172.31.176.249,80,200,205,14,normal,False
2026-06-08 17:49:00.368709,10.117.100.10,80,200,4132,1,normal,False
2026-06-08 17:49:20.368709,172.22.60.170,443,500,4994,7,normal,False
2026-06-08 17:49:40.368709,1.18.166.127,80,503,210489,1820,BruteForce,True
2026-06-08 17:50:00.368709,192.168.138.46,443,200,3009,23,normal,False
2026-06-08 17:50:20.368709,192.168.150.214,443,503,477,14,normal,False
2026-06-08 17:50:40.368709,10.166.221.156,80,200,2245,26,normal,False
2026-06-08 17:51:00.368709,159.184.207.6,8080,503,399070,1883,BruteForce,True
2026-06-08 17:51:20.368709,84.134.208.147,80,403,373940,1869,DDoS,True
2026-06-08 17:51:40.368709,109.131.78.95,22,500,482361,1377,SQLi,True
2026-06-08 17:52:00.368709,10.224.125.65,443,301,1915,6,normal,False
2026-06-08 17:52:20.368709,10.107.144.154,443,301,382,9,normal,False
2026-06-08 17:52:40.368709,172.31.74.101,80,403,2315,30,normal,False
2026-06-08 17:53:00.368709,195.18.161.92,22,500,372906,1634,PortScan,True
2026-06-08 17:53:20.368709,10.89.224.233,443,503,1246,8,normal,False
2026-06-08 17:53:40.368709,10.115.193.62,80,404,919,25,normal,False
2026-06-08 17:54:00.368709,104.171.211.131,22,403,166248,749,PortScan,True
2026-06-08 17:54:20.368709,192.168.131.201,80,200,4414,24,normal,False
2026-06-08 17:54:40.368709,172.20.224.72,443,200,617,9,normal,False
2026-06-08 17:55:00.368709,192.168.239.71,443,200,3605,30,normal,False
2026-06-08 17:55:20.368709,192.168.80.5,443,200,2961,9,normal,False
2026-06-08 17:55:40.368709,10.16.14.37,443,200,1532,19,normal,False
2026-06-08 17:56:00.368709,172.26.123.100,443,500,4730,29,normal,False
2026-06-08 17:56:20.368709,192.168.212.243,443,403,2607,16,normal,False
2026-06-08 17:56:40.368709,140.2.183.19,22,500,315463,1071,DDoS,True
2026-06-08 17:57:00.368709,192.168.16.60,443,301,542,23,normal,False
2026-06-08 17:57:20.368709,10.220.126.139,80,200,1488,21,normal,False
2026-06-08 17:57:40.368709,192.168.125.223,443,200,287,1,normal,False
2026-06-08 17:58:00.368709,172.20.52.192,443,200,314,14,normal,False
2026-06-08 17:58:20.368709,10.44.11.65,443,404,4497,23,normal,False
2026-06-08 17:58:40.368709,10.170.245.106,443,404,3625,24,normal,False
2026-06-08 17:59:00.368709,192.168.106.170,80,500,1661,20,normal,False
2026-06-08 17:59:20.368709,172.31.154.12,80,200,4048,1,normal,False
2026-06-08 17:59:40.368709,10.63.18.226,80,503,2065,29,normal,False
2026-06-08 18:00:00.368709,192.168.113.152,80,200,794,22,normal,False
2026-06-08 18:00:20.368709,121.62.130.117,443,403,246478,334,SQLi,True
2026-06-08 18:00:40.368709,172.26.141.8,443,200,2793,2,normal,False
2026-06-08 18:01:00.368709,192.168.253.136,80,403,635,25,normal,False
2026-06-08 18:01:20.368709,10.184.236.112,80,200,357,25,normal,False
2026-06-08 18:01:40.368709,10.241.238.3,443,301,4581,10,normal,False
2026-06-08 18:02:00.368709,10.227.34.33,443,404,4791,27,normal,False
2026-06-08 18:02:20.368709,172.16.112.198,443,503,2145,22,normal,False
2026-06-08 18:02:40.368709,10.94.165.119,80,403,2407,24,normal,False
2026-06-08 18:03:00.368709,192.168.162.123,443,500,2228,22,normal,False
2026-06-08 18:03:20.368709,192.168.78.174,80,404,903,27,normal,False
2026-06-08 18:03:40.368709,192.168.169.104,80,200,2170,12,normal,False
2026-06-08 18:04:00.368709,10.208.23.138,80,404,2869,26,normal,False
2026-06-08 18:04:20.368709,192.168.64.202,443,500,3338,9,normal,False
2026-06-08 18:04:40.368709,172.25.82.132,80,200,2042,19,normal,False
2026-06-08 18:05:00.368709,172.22.60.50,443,503,765,11,normal,False
2026-06-08 18:05:20.368709,10.159.32.24,80,301,3417,1,normal,False
2026-06-08 18:05:40.368709,172.16.30.223,80,500,4467,19,normal,False
2026-06-08 18:06:00.368709,172.30.67.225,443,200,2598,21,normal,False
2026-06-08 18:06:20.368709,192.168.250.199,443,404,3499,29,normal,False
2026-06-08 18:06:40.368709,10.174.195.248,443,200,3578,2,normal,False
2026-06-08 18:07:00.368709,192.168.18.4,80,301,1143,12,normal,False
2026-06-08 18:07:20.368709,172.18.104.65,443,301,3971,14,normal,False
2026-06-08 18:07:40.368709,10.232.32.168,80,404,4704,13,normal,False
2026-06-08 18:08:00.368709,10.93.16.8,80,403,2010,22,normal,False
2026-06-08 18:08:20.368709,10.219.65.198,80,404,518,10,normal,False
2026-06-08 18:08:40.368709,10.184.80.61,443,403,3562,27,normal,False
2026-06-08 18:09:00.368709,192.168.151.178,80,404,4183,2,normal,False
2026-06-08 18:09:20.368709,10.41.232.74,80,200,674,20,normal,False
2026-06-08 18:09:40.368709,192.168.128.4,443,200,2524,17,normal,False
2026-06-08 18:10:00.368709,172.28.203.214,80,404,1226,27,normal,False
2026-06-08 18:10:20.368709,10.233.188.116,80,500,2947,26,normal,False
2026-06-08 18:10:40.368709,10.109.104.241,80,301,1930,12,normal,False
2026-06-08 18:11:00.368709,10.98.68.112,443,200,2033,12,normal,False
2026-06-08 18:11:20.368709,10.29.129.226,443,503,1570,16,normal,False
2026-06-08 18:11:40.368709,10.44.198.214,443,403,2559,12,normal,False
2026-06-08 18:12:00.368709,192.168.183.130,80,403,2840,12,normal,False
2026-06-08 18:12:20.368709,172.16.73.151,443,200,2274,11,normal,False
2026-06-08 18:12:40.368709,10.60.49.77,80,404,4022,18,normal,False
2026-06-08 18:13:00.368709,10.234.231.133,80,404,4141,30,normal,False
2026-06-08 18:13:20.368709,192.168.161.10,80,200,2850,22,normal,False
2026-06-08 18:13:40.368709,10.123.19.31,443,503,4584,19,normal,False
2026-06-08 18:14:00.368709,172.16.178.58,443,200,4223,20,normal,False
2026-06-08 18:14:20.368709,10.70.3.160,443,404,3486,15,normal,False
2026-06-08 18:14:40.368709,10.67.93.117,80,301,2134,18,normal,False
2026-06-08 18:15:00.368709,192.168.51.11,80,301,1762,22,normal,False
2026-06-08 18:15:20.368709,172.26.255.251,443,200,4059,30,normal,False
2026-06-08 18:15:40.368709,192.168.14.244,80,200,1867,25,normal,False
2026-06-08 18:16:00.368709,192.168.169.45,80,403,4973,22,normal,False
2026-06-08 18:16:20.368709,10.42.171.181,80,503,1089,17,normal,False
2026-06-08 18:16:40.368709,192.168.234.82,443,503,2356,25,normal,False
2026-06-08 18:17:00.368709,172.20.126.21,80,404,1987,12,normal,False
2026-06-08 18:17:20.368709,10.108.229.84,80,403,4392,25,normal,False
2026-06-08 18:17:40.368709,192.168.226.92,80,503,603,19,normal,False
2026-06-08 18:18:00.368709,172.27.236.188,443,200,1338,24,normal,False
2026-06-08 18:18:20.368709,192.168.245.223,443,301,3375,8,normal,False
2026-06-08 18:18:40.368709,10.225.130.200,443,503,2939,16,normal,False
2026-06-08 18:19:00.368709,192.168.79.47,80,200,1862,20,normal,False
2026-06-08 18:19:20.368709,10.234.195.91,443,404,679,28,normal,False
2026-06-08 18:19:40.368709,10.29.126.213,443,503,4682,11,normal,False
2026-06-08 18:20:00.368709,172.19.241.81,443,500,2642,19,normal,False
2026-06-08 18:20:20.368709,192.168.25.201,443,200,4686,4,normal,False
2026-06-08 18:20:40.368709,10.198.93.4,80,403,2114,17,normal,False
2026-06-08 18:21:00.368709,45.233.52.19,3306,500,292978,406,PortScan,True
2026-06-08 18:21:20.368709,172.31.94.32,80,404,2611,19,normal,False
2026-06-08 18:21:40.368709,10.235.45.239,443,403,1624,29,normal,False
2026-06-08 18:22:00.368709,215.156.22.71,3306,503,287636,256,BruteForce,True
2026-06-08 18:22:20.368709,10.24.114.6,443,500,1812,2,normal,False
2026-06-08 18:22:40.368709,192.168.142.0,80,503,247,27,normal,False
2026-06-08 18:23:00.368709,10.102.70.243,443,403,265,30,normal,False
2026-06-08 18:23:20.368709,172.18.230.18,443,200,789,13,normal,False
2026-06-08 18:23:40.368709,192.168.236.94,80,200,1250,3,normal,False
2026-06-08 18:24:00.368709,192.168.100.65,80,500,2217,1,normal,False
2026-06-08 18:24:20.368709,10.111.200.230,443,200,4837,13,normal,False
2026-06-08 18:24:40.368709,10.128.1.127,80,403,3430,29,normal,False
2026-06-08 18:25:00.368709,10.250.160.191,443,403,450,2,normal,False
2026-06-08 18:25:20.368709,172.28.200.106,80,503,869,23,normal,False
2026-06-08 18:25:40.368709,192.168.113.182,443,500,925,16,normal,False
2026-06-08 18:26:00.368709,10.11.58.138,443,200,4398,16,normal,False
2026-06-08 18:26:20.368709,10.192.183.51,80,200,4059,7,normal,False
2026-06-08 18:26:40.368709,10.222.61.102,80,200,2848,27,normal,False
2026-06-08 18:27:00.368709,172.23.224.118,443,200,755,13,normal,False
2026-06-08 18:27:20.368709,10.27.158.59,443,403,3823,26,normal,False
2026-06-08 18:27:40.368709,192.168.9.90,80,500,3765,20,normal,False
2026-06-08 18:28:00.368709,192.168.136.195,80,200,1707,11,normal,False
2026-06-08 18:28:20.368709,172.20.58.230,80,200,3328,29,normal,False
2026-06-08 18:28:40.368709,172.31.136.103,443,500,2054,7,normal,False
2026-06-08 18:29:00.368709,192.168.130.8,443,503,2012,5,normal,False
2026-06-08 18:29:20.368709,192.168.182.164,443,200,1296,29,normal,False
2026-06-08 18:29:40.368709,192.168.83.94,443,403,237,7,normal,False
2026-06-08 18:30:00.368709,192.168.202.72,443,403,4470,29,normal,False
2026-06-08 18:30:20.368709,172.22.149.245,80,200,287,28,normal,False
2026-06-08 18:30:40.368709,172.23.191.87,443,200,2417,4,normal,False
2026-06-08 18:31:00.368709,172.28.11.180,80,200,4321,1,normal,False
2026-06-08 18:31:20.368709,10.41.58.224,443,301,3965,29,normal,False
2026-06-08 18:31:40.368709,10.251.176.37,443,200,3369,29,normal,False
2026-06-08 18:32:00.368709,192.168.142.101,443,301,2376,10,normal,False
2026-06-08 18:32:20.368709,192.168.233.189,80,403,1639,8,normal,False
2026-06-08 18:32:40.368709,22.132.182.58,3306,403,406754,1961,BruteForce,True
2026-06-08 18:33:00.368709,28.172.189.11,22,500,456027,565,SQLi,True
2026-06-08 18:33:20.368709,10.66.196.106,443,503,1298,25,normal,False
2026-06-08 18:33:40.368709,192.168.55.156,443,403,3708,9,normal,False
2026-06-08 18:34:00.368709,10.92.116.203,80,200,1127,1,normal,False
2026-06-08 18:34:20.368709,182.56.135.73,3306,403,239177,1216,XSS,True
2026-06-08 18:34:40.368709,9.100.25.236,3306,403,64968,1585,BruteForce,True
2026-06-08 18:35:00.368709,172.30.80.57,443,200,722,15,normal,False
2026-06-08 18:35:20.368709,192.168.103.220,80,403,2689,1,normal,False
2026-06-08 18:35:40.368709,10.65.241.122,443,403,4194,7,normal,False
2026-06-08 18:36:00.368709,172.17.38.20,443,500,1580,9,normal,False
2026-06-08 18:36:20.368709,192.168.50.90,80,500,2923,23,normal,False
2026-06-08 18:36:40.368709,10.251.135.195,443,503,595,6,normal,False
2026-06-08 18:37:00.368709,10.21.61.108,443,403,1550,22,normal,False
2026-06-08 18:37:20.368709,192.168.102.141,443,404,599,2,normal,False
2026-06-08 18:37:40.368709,192.168.212.201,443,200,1822,11,normal,False
2026-06-08 18:38:00.368709,10.194.124.248,443,403,2268,19,normal,False
2026-06-08 18:38:20.368709,172.19.178.68,80,200,1748,16,normal,False
2026-06-08 18:38:40.368709,192.168.49.232,443,200,1619,4,normal,False
2026-06-08 18:39:00.368709,49.112.238.150,22,403,91503,401,SQLi,True
2026-06-08 18:39:20.368709,10.43.76.127,80,503,3855,14,normal,False
2026-06-08 18:39:40.368709,10.109.74.213,443,200,946,8,normal,False
2026-06-08 18:40:00.368709,172.25.10.243,443,500,1252,30,normal,False
2026-06-08 18:40:20.368709,192.168.246.119,80,404,284,8,normal,False
2026-06-08 18:40:40.368709,10.71.59.137,443,200,1983,1,normal,False
2026-06-08 18:41:00.368709,192.168.14.162,443,500,3188,16,normal,False
2026-06-08 18:41:20.368709,172.20.150.152,80,200,4836,10,normal,False
2026-06-08 18:41:40.368709,10.137.79.10,80,403,230,12,normal,False
2026-06-08 18:42:00.368709,10.23.77.103,443,200,3060,12,normal,False
2026-06-08 18:42:20.368709,192.168.8.147,80,404,2376,8,normal,False
2026-06-08 18:42:40.368709,192.168.235.176,80,503,2066,21,normal,False
2026-06-08 18:43:00.368709,192.168.35.158,80,200,3330,23,normal,False
2026-06-08 18:43:20.368709,10.170.174.162,80,200,940,16,normal,False
2026-06-08 18:43:40.368709,192.168.51.3,443,403,1396,4,normal,False
2026-06-08 18:44:00.368709,192.168.21.184,80,301,267,24,normal,False
2026-06-08 18:44:20.368709,192.168.110.122,443,200,756,25,normal,False
2026-06-08 18:44:40.368709,192.168.127.249,443,503,3372,11,normal,False
2026-06-08 18:45:00.368709,10.49.171.227,80,200,4603,14,normal,False
2026-06-08 18:45:20.368709,10.10.106.197,80,503,3533,18,normal,False
2026-06-08 18:45:40.368709,192.168.239.82,443,403,3148,10,normal,False
2026-06-08 18:46:00.368709,172.24.192.170,443,200,1269,1,normal,False
2026-06-08 18:46:20.368709,10.24.129.246,443,200,2833,1,normal,False
2026-06-08 18:46:40.368709,10.34.45.102,80,200,3699,27,normal,False
2026-06-08 18:47:00.368709,172.20.219.106,80,404,3244,10,normal,False
2026-06-08 18:47:20.368709,10.237.6.240,443,403,450,1,normal,False
2026-06-08 18:47:40.368709,209.42.227.11,22,403,472950,1922,DDoS,True
2026-06-08 18:48:00.368709,172.24.50.232,80,404,4424,6,normal,False
2026-06-08 18:48:20.368709,38.186.132.187,80,500,342294,286,PortScan,True
2026-06-08 18:48:40.368709,192.168.235.231,80,404,1938,22,normal,False
2026-06-08 18:49:00.368709,172.19.195.14,443,503,4852,17,normal,False
2026-06-08 18:49:20.368709,10.203.152.51,80,301,4495,9,normal,False
2026-06-08 18:49:40.368709,172.20.53.248,443,200,4701,29,normal,False
2026-06-08 18:50:00.368709,10.199.59.147,443,404,1114,8,normal,False
2026-06-08 18:50:20.368709,10.88.97.110,80,404,1360,25,normal,False
2026-06-08 18:50:40.368709,192.168.150.100,443,200,886,15,normal,False
2026-06-08 18:51:00.368709,192.168.188.135,80,301,1076,26,normal,False
2026-06-08 18:51:20.368709,172.17.80.15,443,200,811,16,normal,False
2026-06-08 18:51:40.368709,10.109.145.190,443,404,4738,6,normal,False
2026-06-08 18:52:00.368709,172.21.29.17,443,500,3773,3,normal,False
2026-06-08 18:52:20.368709,172.29.35.156,443,200,4768,4,normal,False
2026-06-08 18:52:40.368709,172.16.17.32,80,503,2025,8,normal,False
2026-06-08 18:53:00.368709,192.168.124.58,443,404,1548,24,normal,False
2026-06-08 18:53:20.368709,172.27.210.78,443,200,4723,6,normal,False
2026-06-08 18:53:40.368709,10.228.45.25,443,301,3755,29,normal,False
2026-06-08 18:54:00.368709,172.23.109.158,443,403,1507,15,normal,False
2026-06-08 18:54:20.368709,192.168.154.160,80,200,4138,4,normal,False
2026-06-08 18:54:40.368709,10.127.19.134,80,200,2877,8,normal,False
2026-06-08 18:55:00.368709,172.24.234.45,443,500,4818,5,normal,False
2026-06-08 18:55:20.368709,192.168.92.38,80,503,3183,26,normal,False
2026-06-08 18:55:40.368709,10.4.96.29,80,200,977,16,normal,False
2026-06-08 18:56:00.368709,192.168.73.155,443,301,1645,15,normal,False
2026-06-08 18:56:20.368709,172.24.237.228,443,200,376,4,normal,False
2026-06-08 18:56:40.368709,192.168.186.133,443,200,4875,26,normal,False
2026-06-08 18:57:00.368709,10.115.127.60,443,200,2684,5,normal,False
2026-06-08 18:57:20.368709,172.18.244.245,443,200,2279,1,normal,False
2026-06-08 18:57:40.368709,192.168.92.173,443,200,4533,13,normal,False
2026-06-08 18:58:00.368709,192.168.123.13,80,200,1299,3,normal,False
2026-06-08 18:58:20.368709,192.168.48.255,443,301,2036,14,normal,False
2026-06-08 18:58:40.368709,10.84.214.81,443,503,2107,20,normal,False
2026-06-08 18:59:00.368709,172.25.223.166,80,200,4563,10,normal,False
2026-06-08 18:59:20.368709,10.176.77.194,80,200,1338,6,normal,False
2026-06-08 18:59:40.368709,192.168.40.236,443,200,453,18,normal,False
2026-06-08 19:00:00.368709,10.105.139.153,80,301,564,21,normal,False
2026-06-08 19:00:20.368709,10.61.20.21,80,200,3270,19,normal,False
2026-06-08 19:00:40.368709,43.186.223.22,22,500,168245,221,XSS,True
2026-06-08 19:01:00.368709,10.196.10.24,80,403,3246,25,normal,False
2026-06-08 19:01:20.368709,10.143.44.120,80,200,1346,13,normal,False
2026-06-08 19:01:40.368709,192.168.185.219,80,403,4612,18,normal,False
2026-06-08 19:02:00.368709,202.196.119.156,22,403,182617,1985,DDoS,True
2026-06-08 19:02:20.368709,192.168.182.28,443,200,3787,19,normal,False
2026-06-08 19:02:40.368709,192.168.70.199,443,301,3996,8,normal,False
2026-06-08 19:03:00.368709,192.168.110.39,80,404,4325,2,normal,False
2026-06-08 19:03:20.368709,172.28.109.237,443,500,4073,29,normal,False
2026-06-08 19:03:40.368709,192.168.84.27,80,403,2041,27,normal,False
2026-06-08 19:04:00.368709,192.168.241.171,80,404,922,26,normal,False
2026-06-08 19:04:20.368709,172.23.183.186,80,200,2527,18,normal,False
2026-06-08 19:04:40.368709,192.168.159.57,443,500,1950,21,normal,False
2026-06-08 19:05:00.368709,172.23.105.83,80,200,4350,25,normal,False
2026-06-08 19:05:20.368709,192.168.42.83,443,404,1202,3,normal,False
2026-06-08 19:05:40.368709,10.240.140.11,443,200,2138,5,normal,False
2026-06-08 19:06:00.368709,10.11.85.200,80,503,1186,15,normal,False
2026-06-08 19:06:20.368709,10.46.239.216,80,500,4383,2,normal,False
2026-06-08 19:06:40.368709,10.198.121.97,80,200,3289,17,normal,False
2026-06-08 19:07:00.368709,192.168.119.113,80,200,3114,1,normal,False
2026-06-08 19:07:20.368709,192.168.218.240,80,404,4785,2,normal,False
2026-06-08 19:07:40.368709,172.29.100.163,443,500,4029,12,normal,False
2026-06-08 19:08:00.368709,172.24.92.43,443,503,1972,16,normal,False
2026-06-08 19:08:20.368709,172.24.49.70,80,200,3382,9,normal,False
2026-06-08 19:08:40.368709,172.28.22.168,80,500,2343,18,normal,False
2026-06-08 19:09:00.368709,192.168.76.239,443,503,4597,6,normal,False
2026-06-08 19:09:20.368709,172.29.5.38,443,200,1909,3,normal,False
2026-06-08 19:09:40.368709,172.17.60.239,80,200,2635,24,normal,False
2026-06-08 19:10:00.368709,192.168.164.69,443,200,3356,14,normal,False
2026-06-08 19:10:20.368709,172.16.254.142,80,200,4828,16,normal,False
2026-06-08 19:10:40.368709,192.168.121.47,443,500,4349,26,normal,False
2026-06-08 19:11:00.368709,192.168.181.179,80,404,3871,26,normal,False
2026-06-08 19:11:20.368709,192.168.57.81,443,403,1782,4,normal,False
2026-06-08 19:11:40.368709,10.178.250.114,443,503,3514,14,normal,False
2026-06-08 19:12:00.368709,172.29.155.181,443,404,3459,8,normal,False
2026-06-08 19:12:20.368709,172.30.206.192,443,200,2133,28,normal,False
2026-06-08 19:12:40.368709,192.168.150.171,80,200,1244,22,normal,False
2026-06-08 19:13:00.368709,10.15.229.114,80,403,3428,24,normal,False
2026-06-08 19:13:20.368709,192.168.245.80,443,301,4398,15,normal,False
2026-06-08 19:13:40.368709,10.28.128.31,443,200,491,24,normal,False
2026-06-08 19:14:00.368709,10.237.27.212,80,301,1342,7,normal,False
2026-06-08 19:14:20.368709,10.190.15.195,80,403,231,21,normal,False
2026-06-08 19:14:40.368709,192.168.41.0,443,200,3245,16,normal,False
2026-06-08 19:15:00.368709,10.184.1.123,443,403,922,15,normal,False
2026-06-08 19:15:20.368709,192.168.171.114,443,200,4591,29,normal,False
2026-06-08 19:15:40.368709,192.168.40.86,80,503,2913,3,normal,False
2026-06-08 19:16:00.368709,172.16.111.82,80,500,308,21,normal,False
2026-06-08 19:16:20.368709,10.108.143.173,80,500,3468,9,normal,False
2026-06-08 19:16:40.368709,154.61.105.167,22,503,284107,212,XSS,True
2026-06-08 19:17:00.368709,192.168.102.105,443,503,2827,18,normal,False
2026-06-08 19:17:20.368709,192.168.250.110,80,404,3369,10,normal,False
2026-06-08 19:17:40.368709,172.26.230.242,80,403,2100,25,normal,False
2026-06-08 19:18:00.368709,10.164.78.39,443,404,4125,24,normal,False
2026-06-08 19:18:20.368709,192.168.178.177,80,404,1317,3,normal,False
2026-06-08 19:18:40.368709,192.168.132.92,443,200,2121,1,normal,False
2026-06-08 19:19:00.368709,192.168.152.240,80,500,2531,8,normal,False
2026-06-08 19:19:20.368709,192.168.148.209,443,404,2813,15,normal,False
2026-06-08 19:19:40.368709,10.20.239.107,443,200,4670,13,normal,False
2026-06-08 19:20:00.368709,10.99.52.97,443,200,2664,3,normal,False
2026-06-08 19:20:20.368709,26.116.206.16,80,503,390604,1571,SQLi,True
2026-06-08 19:20:40.368709,10.3.63.232,443,200,572,15,normal,False
2026-06-08 19:21:00.368709,215.5.183.86,3306,500,317747,1259,XSS,True
2026-06-08 19:21:20.368709,172.22.110.207,443,301,4210,11,normal,False
2026-06-08 19:21:40.368709,10.231.77.131,80,503,4446,6,normal,False
2026-06-08 19:22:00.368709,10.138.44.28,443,200,3123,29,normal,False
2026-06-08 19:22:20.368709,172.26.205.157,443,200,1437,4,normal,False
2026-06-08 19:22:40.368709,192.168.39.75,443,200,3090,1,normal,False
2026-06-08 19:23:00.368709,10.8.58.149,443,503,793,25,normal,False
2026-06-08 19:23:20.368709,192.168.79.224,443,503,2237,25,normal,False
2026-06-08 19:23:40.368709,206.89.191.232,22,500,439185,975,XSS,True
2026-06-08 19:24:00.368709,10.153.176.24,80,200,598,2,normal,False
2026-06-08 19:24:20.368709,172.21.24.119,443,500,1447,30,normal,False
2026-06-08 19:24:40.368709,10.56.211.142,80,503,2324,25,normal,False
2026-06-08 19:25:00.368709,192.168.202.16,443,404,453,11,normal,False
2026-06-08 19:25:20.368709,10.12.82.206,80,301,925,28,normal,False
2026-06-08 19:25:40.368709,10.148.34.76,443,301,1993,5,normal,False
2026-06-08 19:26:00.368709,172.30.57.154,443,404,1453,23,normal,False
2026-06-08 19:26:20.368709,10.119.153.183,80,503,4265,20,normal,False
2026-06-08 19:26:40.368709,172.22.199.171,80,200,609,2,normal,False
2026-06-08 19:27:00.368709,192.168.181.16,443,200,3252,27,normal,False
2026-06-08 19:27:20.368709,172.22.237.18,80,403,4887,6,normal,False
2026-06-08 19:27:40.368709,192.168.57.159,443,200,4836,9,normal,False
2026-06-08 19:28:00.368709,192.168.27.202,80,403,2806,24,normal,False
2026-06-08 19:28:20.368709,212.120.3.212,3306,500,176638,1921,PortScan,True
2026-06-08 19:28:40.368709,10.248.74.118,443,404,2501,11,normal,False
2026-06-08 19:29:00.368709,172.26.102.17,443,404,4251,16,normal,False
2026-06-08 19:29:20.368709,192.168.180.118,80,301,365,21,normal,False
2026-06-08 19:29:40.368709,192.168.205.231,80,403,899,21,normal,False
2026-06-08 19:30:00.368709,10.211.73.245,80,404,4134,30,normal,False
2026-06-08 19:30:20.368709,192.168.239.36,443,403,342,7,normal,False
2026-06-08 19:30:40.368709,10.87.137.16,443,200,3541,26,normal,False
2026-06-08 19:31:00.368709,172.26.176.96,80,403,2668,23,normal,False
2026-06-08 19:31:20.368709,172.19.64.210,80,200,3193,24,normal,False
2026-06-08 19:31:40.368709,172.31.183.230,80,403,4973,7,normal,False
2026-06-08 19:32:00.368709,10.53.177.69,80,403,1168,16,normal,False
2026-06-08 19:32:20.368709,10.181.96.26,80,200,1837,18,normal,False
2026-06-08 19:32:40.368709,10.164.78.52,80,500,4715,12,normal,False
2026-06-08 19:33:00.368709,10.130.228.132,443,403,417,23,normal,False
2026-06-08 19:33:20.368709,172.24.71.126,443,200,3531,29,normal,False
2026-06-08 19:33:40.368709,192.168.253.148,80,301,2082,18,normal,False
2026-06-08 19:34:00.368709,192.168.193.180,443,500,4689,5,normal,False
2026-06-08 19:34:20.368709,10.117.251.128,443,200,1162,4,normal,False
2026-06-08 19:34:40.368709,10.34.221.150,80,200,2480,15,normal,False
2026-06-08 19:35:00.368709,192.168.113.227,80,403,4108,10,normal,False
2026-06-08 19:35:20.368709,192.168.32.154,80,301,3817,5,normal,False
2026-06-08 19:35:40.368709,172.27.247.109,443,500,4430,18,normal,False
2026-06-08 19:36:00.368709,192.168.252.46,80,503,4141,29,normal,False
2026-06-08 19:36:20.368709,172.28.47.93,443,500,4730,17,normal,False
2026-06-08 19:36:40.368709,10.147.209.175,80,503,1354,24,normal,False
2026-06-08 19:37:00.368709,192.168.222.241,443,301,2304,27,normal,False
2026-06-08 19:37:20.368709,172.21.81.105,443,200,4544,19,normal,False
2026-06-08 19:37:40.368709,10.174.42.254,443,404,2626,21,normal,False
2026-06-08 19:38:00.368709,10.132.239.173,443,500,2831,9,normal,False
2026-06-08 19:38:20.368709,10.57.50.128,443,200,2141,8,normal,False
2026-06-08 19:38:40.368709,172.22.161.181,80,403,4703,17,normal,False
2026-06-08 19:39:00.368709,172.17.160.132,80,200,3774,5,normal,False
2026-06-08 19:39:20.368709,192.168.0.186,443,301,769,2,normal,False
2026-06-08 19:39:40.368709,10.160.92.88,80,503,4573,16,normal,False
2026-06-08 19:40:00.368709,172.17.33.216,80,503,4997,2,normal,False
2026-06-08 19:40:20.368709,10.58.228.178,80,200,752,22,normal,False
2026-06-08 19:40:40.368709,192.168.60.41,80,404,3686,15,normal,False
2026-06-08 19:41:00.368709,172.18.127.108,80,404,3363,27,normal,False
2026-06-08 19:41:20.368709,192.168.122.89,80,500,2452,19,normal,False
2026-06-08 19:41:40.368709,172.29.245.188,443,500,2006,14,normal,False
2026-06-08 19:42:00.368709,10.58.251.52,443,403,520,16,normal,False
2026-06-08 19:42:20.368709,192.168.153.233,443,503,1988,12,normal,False
2026-06-08 19:42:40.368709,192.168.56.45,443,200,3032,9,normal,False
2026-06-08 19:43:00.368709,192.168.82.59,80,503,3803,5,normal,False
2026-06-08 19:43:20.368709,10.32.167.227,443,200,842,13,normal,False
2026-06-08 19:43:40.368709,172.22.250.71,443,500,274,4,normal,False
2026-06-08 19:44:00.368709,172.17.218.184,443,200,827,14,normal,False
2026-06-08 19:44:20.368709,192.168.35.230,443,200,2362,21,normal,False
2026-06-08 19:44:40.368709,192.168.192.24,443,500,2298,3,normal,False
2026-06-08 19:45:00.368709,192.168.106.193,80,200,2914,22,normal,False
2026-06-08 19:45:20.368709,172.24.253.67,80,404,569,8,normal,False
2026-06-08 19:45:40.368709,172.17.84.78,443,200,4882,20,normal,False
2026-06-08 19:46:00.368709,172.19.180.54,443,200,3795,22,normal,False
2026-06-08 19:46:20.368709,10.127.146.105,80,403,2300,11,normal,False
2026-06-08 19:46:40.368709,192.168.107.136,443,404,4124,7,normal,False
2026-06-08 19:47:00.368709,10.236.114.183,80,404,1092,17,normal,False
2026-06-08 19:47:20.368709,192.168.95.253,443,200,1847,20,normal,False
2026-06-08 19:47:40.368709,10.54.180.61,443,200,2119,18,normal,False
2026-06-08 19:48:00.368709,172.27.47.13,80,500,1429,8,normal,False
2026-06-08 19:48:20.368709,172.19.67.10,443,301,4773,13,normal,False
2026-06-08 19:48:40.368709,192.168.162.225,80,200,3801,17,normal,False
2026-06-08 19:49:00.368709,10.253.165.230,80,200,4813,22,normal,False
2026-06-08 19:49:20.368709,192.168.113.51,443,200,4772,2,normal,False
2026-06-08 19:49:40.368709,192.168.131.36,80,500,3437,7,normal,False
2026-06-08 19:50:00.368709,192.168.113.158,443,301,4077,7,normal,False
2026-06-08 19:50:20.368709,192.168.86.0,80,200,1118,6,normal,False
2026-06-08 19:50:40.368709,172.28.236.144,443,200,3034,27,normal,False
2026-06-08 19:51:00.368709,172.18.95.136,443,200,4610,25,normal,False
2026-06-08 19:51:20.368709,10.112.108.213,80,404,809,28,normal,False
2026-06-08 19:51:40.368709,172.29.220.131,443,404,482,30,normal,False
2026-06-08 19:52:00.368709,172.29.37.47,443,301,2078,17,normal,False
2026-06-08 19:52:20.368709,192.168.224.110,80,200,977,30,normal,False
2026-06-08 19:52:40.368709,172.16.131.47,443,200,340,9,normal,False
2026-06-08 19:53:00.368709,192.168.235.2,443,200,273,5,normal,False
2026-06-08 19:53:20.368709,172.22.187.76,443,200,1595,25,normal,False
2026-06-08 19:53:40.368709,172.30.34.139,443,301,3872,14,normal,False
2026-06-08 19:54:00.368709,192.168.204.79,443,403,2729,1,normal,False
2026-06-08 19:54:20.368709,10.152.117.121,80,503,1851,10,normal,False
2026-06-08 19:54:40.368709,172.16.14.34,80,200,3711,23,normal,False
2026-06-08 19:55:00.368709,74.142.224.153,22,500,236466,1070,SQLi,True
2026-06-08 19:55:20.368709,192.168.137.230,443,200,1438,25,normal,False
2026-06-08 19:55:40.368709,192.168.52.218,443,403,830,14,normal,False
2026-06-08 19:56:00.368709,10.24.40.36,80,200,557,7,normal,False
2026-06-08 19:56:20.368709,192.168.188.251,80,503,1312,7,normal,False
2026-06-08 19:56:40.368709,172.20.21.80,443,404,3297,30,normal,False
2026-06-08 19:57:00.368709,192.168.106.57,443,301,3984,9,normal,False
2026-06-08 19:57:20.368709,172.22.197.126,443,301,784,19,normal,False
2026-06-08 19:57:40.368709,10.4.114.174,80,500,1940,1,normal,False
2026-06-08 19:58:00.368709,172.22.1.102,80,200,3622,1,normal,False
2026-06-08 19:58:20.368709,172.16.144.166,443,503,1946,27,normal,False
2026-06-08 19:58:40.368709,192.168.2.132,443,200,1228,10,normal,False
2026-06-08 19:59:00.368709,10.149.168.12,80,200,3958,30,normal,False
2026-06-08 19:59:20.368709,172.16.246.98,80,503,1514,12,normal,False
2026-06-08 19:59:40.368709,172.19.172.165,80,200,4436,28,normal,False
2026-06-08 20:00:00.368709,10.104.97.217,443,503,4702,2,normal,False
2026-06-08 20:00:20.368709,10.178.109.170,80,403,1262,1,normal,False
2026-06-08 20:00:40.368709,192.168.161.80,80,200,4105,2,normal,False
2026-06-08 20:01:00.368709,10.254.203.13,443,200,241,7,normal,False
2026-06-08 20:01:20.368709,10.68.161.160,80,200,490,1,normal,False
2026-06-08 20:01:40.368709,10.86.89.30,80,301,1630,22,normal,False
2026-06-08 20:02:00.368709,10.92.149.233,80,200,3798,2,normal,False
2026-06-08 20:02:20.368709,172.21.2.30,443,200,2117,10,normal,False
2026-06-08 20:02:40.368709,10.98.73.34,443,500,906,1,normal,False
2026-06-08 20:03:00.368709,192.168.34.102,443,404,3724,8,normal,False
2026-06-08 20:03:20.368709,10.126.113.17,443,301,3686,21,normal,False
2026-06-08 20:03:40.368709,10.222.108.60,443,200,3156,20,normal,False
2026-06-08 20:04:00.368709,172.23.221.165,80,200,1944,3,normal,False
2026-06-08 20:04:20.368709,10.180.39.1,80,301,3288,5,normal,False
2026-06-08 20:04:40.368709,192.168.163.149,443,301,2616,25,normal,False
2026-06-08 20:05:00.368709,172.28.22.250,443,200,4831,14,normal,False
2026-06-08 20:05:20.368709,192.168.188.178,443,200,4391,25,normal,False
2026-06-08 20:05:40.368709,172.19.121.125,80,503,957,28,normal,False
2026-06-08 20:06:00.368709,94.61.4.178,8080,403,337791,429,BruteForce,True
2026-06-08 20:06:20.368709,172.29.223.36,443,200,792,3,normal,False
2026-06-08 20:06:40.368709,172.27.73.102,80,404,2643,11,normal,False
2026-06-08 20:07:00.368709,192.168.127.98,80,200,3062,4,normal,False
2026-06-08 20:07:20.368709,172.29.191.107,443,404,1025,20,normal,False
2026-06-08 20:07:40.368709,10.129.170.108,443,200,4233,30,normal,False
2026-06-08 20:08:00.368709,172.31.211.20,443,500,1032,18,normal,False
2026-06-08 20:08:20.368709,172.28.103.143,80,403,2270,11,normal,False
2026-06-08 20:08:40.368709,10.218.238.215,443,200,990,23,normal,False
2026-06-08 20:09:00.368709,172.30.62.197,443,200,3634,16,normal,False
2026-06-08 20:09:20.368709,10.37.220.72,443,200,1431,18,normal,False
2026-06-08 20:09:40.368709,172.29.158.225,443,200,1715,29,normal,False
2026-06-08 20:10:00.368709,172.25.244.216,80,200,476,28,normal,False
2026-06-08 20:10:20.368709,192.168.147.70,443,503,2557,27,normal,False
2026-06-08 20:10:40.368709,172.20.218.10,80,404,3971,11,normal,False
2026-06-08 20:11:00.368709,192.168.184.89,80,500,1303,4,normal,False
2026-06-08 20:11:20.368709,192.168.10.244,80,500,3343,8,normal,False
2026-06-08 20:11:40.368709,172.28.82.90,80,500,3585,4,normal,False
2026-06-08 20:12:00.368709,74.248.212.180,22,500,442050,1106,XSS,True
2026-06-08 20:12:20.368709,10.238.110.49,443,403,3908,3,normal,False
2026-06-08 20:12:40.368709,10.227.146.137,80,503,982,28,normal,False
2026-06-08 20:13:00.368709,172.31.16.200,443,200,3300,21,normal,False
2026-06-08 20:13:20.368709,10.219.97.168,443,200,1582,29,normal,False
2026-06-08 20:13:40.368709,172.22.204.173,443,404,3672,24,normal,False
2026-06-08 20:14:00.368709,172.28.158.119,80,200,2701,12,normal,False
2026-06-08 20:14:20.368709,10.224.10.185,80,200,1790,28,normal,False
2026-06-08 20:14:40.368709,192.168.15.25,80,200,3158,19,normal,False
2026-06-08 20:15:00.368709,192.168.135.64,443,403,1060,9,normal,False
2026-06-08 20:15:20.368709,192.168.249.99,443,404,3537,24,normal,False
2026-06-08 20:15:40.368709,199.30.253.115,3306,500,389053,1645,SQLi,True
2026-06-08 20:16:00.368709,172.31.141.115,80,503,3372,29,normal,False
2026-06-08 20:16:20.368709,10.122.167.154,443,500,2967,23,normal,False
2026-06-08 20:16:40.368709,172.22.9.90,80,403,2214,29,normal,False
2026-06-08 20:17:00.368709,192.168.204.43,80,301,3420,15,normal,False
2026-06-08 20:17:20.368709,192.168.25.113,443,404,2621,17,normal,False
2026-06-08 20:17:40.368709,112.225.74.228,80,500,327176,313,XSS,True
2026-06-08 20:18:00.368709,10.132.175.32,80,404,1995,3,normal,False
2026-06-08 20:18:20.368709,192.168.78.135,443,200,505,9,normal,False
2026-06-08 20:18:40.368709,10.134.215.128,80,200,999,21,normal,False
2026-06-08 20:19:00.368709,192.168.183.187,80,503,1974,5,normal,False
2026-06-08 20:19:20.368709,10.188.189.116,443,200,2646,8,normal,False
2026-06-08 20:19:40.368709,10.43.88.220,80,500,3885,18,normal,False
2026-06-08 20:20:00.368709,80.83.75.4,22,503,191737,922,XSS,True
2026-06-08 20:20:20.368709,10.241.102.242,443,200,4861,22,normal,False
2026-06-08 20:20:40.368709,172.16.144.140,80,500,1051,24,normal,False
2026-06-08 20:21:00.368709,192.168.79.131,443,200,3222,11,normal,False
2026-06-08 20:21:20.368709,10.246.250.69,80,404,2344,16,normal,False
2026-06-08 20:21:40.368709,172.26.203.41,443,301,4991,12,normal,False
2026-06-08 20:22:00.368709,172.30.58.219,443,403,3908,27,normal,False
2026-06-08 20:22:20.368709,192.168.139.73,443,404,4415,10,normal,False
2026-06-08 20:22:40.368709,192.168.105.219,443,404,4839,16,normal,False
2026-06-08 20:23:00.368709,172.30.48.5,443,200,3802,9,normal,False
2026-06-08 20:23:20.368709,192.168.3.147,80,200,3363,19,normal,False
2026-06-08 20:23:40.368709,172.19.140.41,80,301,1306,23,normal,False
2026-06-08 20:24:00.368709,172.31.54.72,80,301,2058,15,normal,False
2026-06-08 20:24:20.368709,172.20.187.113,443,503,4845,22,normal,False
2026-06-08 20:24:40.368709,10.87.9.208,80,200,4659,26,normal,False
2026-06-08 20:25:00.368709,144.10.136.98,8080,503,428289,418,BruteForce,True
2026-06-08 20:25:20.368709,192.168.26.191,443,503,4885,20,normal,False
2026-06-08 20:25:40.368709,172.27.188.160,80,301,2618,22,normal,False
2026-06-08 20:26:00.368709,172.27.14.246,80,200,2438,16,normal,False
2026-06-08 20:26:20.368709,10.181.150.240,80,200,3758,12,normal,False
2026-06-08 20:26:40.368709,172.23.87.149,443,200,3740,14,normal,False
2026-06-08 20:27:00.368709,172.30.38.248,443,500,2032,14,normal,False
2026-06-08 20:27:20.368709,192.168.228.52,443,301,353,21,normal,False
2026-06-08 20:27:40.368709,172.28.248.253,80,200,2716,24,normal,False
2026-06-08 20:28:00.368709,192.168.148.97,80,500,4231,18,normal,False
2026-06-08 20:28:20.368709,172.24.97.221,443,200,3173,6,normal,False
2026-06-08 20:28:40.368709,172.22.247.73,80,500,1663,1,normal,False
2026-06-08 20:29:00.368709,172.28.183.127,443,200,3493,6,normal,False
2026-06-08 20:29:20.368709,172.16.189.154,443,200,4576,13,normal,False
2026-06-08 20:29:40.368709,172.30.217.55,443,200,2759,21,normal,False
2026-06-08 20:30:00.368709,10.230.14.25,80,403,4094,24,normal,False
2026-06-08 20:30:20.368709,10.108.2.225,443,200,459,22,normal,False
2026-06-08 20:30:40.368709,172.30.63.242,80,200,3761,3,normal,False
2026-06-08 20:31:00.368709,10.8.158.167,443,503,499,10,normal,False
2026-06-08 20:31:20.368709,172.29.175.60,80,503,2237,13,normal,False
2026-06-08 20:31:40.368709,10.43.122.239,80,404,3629,15,normal,False
2026-06-08 20:32:00.368709,192.168.28.200,80,500,2299,21,normal,False
2026-06-08 20:32:20.368709,172.19.25.97,80,503,4140,21,normal,False
2026-06-08 20:32:40.368709,192.168.85.51,80,200,3411,24,normal,False
2026-06-08 20:33:00.368709,10.58.179.181,443,500,4442,3,normal,False
2026-06-08 20:33:20.368709,172.24.33.206,80,503,4211,23,normal,False
2026-06-08 20:33:40.368709,192.168.228.80,80,503,4613,27,normal,False
2026-06-08 20:34:00.368709,172.25.112.126,443,404,2187,30,normal,False
2026-06-08 20:34:20.368709,192.168.224.69,443,503,3272,23,normal,False
2026-06-08 20:34:40.368709,172.25.91.151,80,301,1700,6,normal,False
2026-06-08 20:35:00.368709,192.168.111.152,443,200,1666,28,normal,False
2026-06-08 20:35:20.368709,10.19.220.62,80,404,2065,20,normal,False
2026-06-08 20:35:40.368709,172.16.138.52,443,503,4193,29,normal,False
2026-06-08 20:36:00.368709,172.23.195.36,80,404,1912,13,normal,False
2026-06-08 20:36:20.368709,192.168.136.52,443,503,2282,9,normal,False
